,제목,평점,장르,줄거리
0,소울,9,애니메이션,"뉴욕에서 음악 선생님으로 일하던 ‘조’는꿈에 그리던 최고의 밴드와 재즈 클럽에서 연주하게 된 그 날,예기치 못한 사고로 영혼이 되어 ‘태어나기 전 세상’에 떨어진다.탄생 전 영혼들이 멘토와 함께 자신의 관심사를 발견하면 지구 통행증을 발급하는 ‘태어나기 전 세상’‘조’는 그 곳에서 유일하게 지구에 가고 싶어하지 않는 시니컬한 영혼 ‘22’의 멘토가 된다.링컨, 간디, 테레사 수녀도 멘토되길 포기한 영혼 ‘22’꿈의 무대에 서려면 ‘22’의 지구 통행증이 필요한 ‘조’그는 다시 지구로 돌아가 꿈의 무대에 설 수 있을까?"
1,극장판 귀멸의 칼날: 무한열차편,9,애니메이션,"혈귀로 변해버린 여동생 ‘네즈코’를 인간으로 되돌릴 단서를 찾아 비밀조직 귀살대에 들어간 ‘탄지로.’‘젠이츠’, ‘이노스케’와 새로운 임무 수행을 위해 무한열차에 탑승 후귀살대 최강 검사 염주 ‘렌고쿠’와 합류한다.달리는 무한열차에서 승객들이 하나 둘 흔적 없이 사라지자숨어있는 식인 혈귀의 존재를 직감하는 ‘렌고쿠’.귀살대 ‘탄지로’ 일행과 최강 검사 염주 ‘렌고쿠’는어둠 속을 달리는 무한열차에서 모두의 목숨을 구하기 위해예측불가능한 능력을 가진 혈귀와 목숨을 건 혈전을 시작하는데…"
2,진삼국무쌍,6,액션,"한나라 말기, 황건적의 난을 틈타 황궁을 장악한 동탁.그의 폭정으로 인해 백성들의 고통은 극에 달하고.최강의 장수 여포까지 양아들로 들이며 그 세는 더욱 커진다.한편 천하를 구하기 위해 영웅들은 뜻을 모으고유비, 관우, 장비, 조조, 원소, 손견 등은사상 최대 규모의 동맹군을 결성하는데…영웅들이여, 최악의 적을 무너뜨려라!"
3,콰이어트 플레이스,7,공포/스릴러,소리를 내는 순간 공격받는 극한의 상황 속에서 살아남기 위한 한 가족의 숨막히는 사투를 그린 이야기< 생존 법칙 >1. 어떤 소리도 내지 말 것2. 아무 말도 하지 말 것3. 붉은 등이 켜지면 무조건 도망갈 것
4,크루엘라,9,드라마,"처음부터 난 알았어. 내가 특별하단 걸그게 불편한 인간들도 있겠지만 모두의 비위를 맞출 수는 없잖아?그러다 보니 결국, 학교를 계속 다닐 수가 없었지우여곡절 런던에 오게 된 나, 에스텔라는 재스퍼와 호레이스를 운명처럼 만났고나의 뛰어난 패션 감각을 이용해 완벽한 변장과 빠른 손놀림으로 런던 거리를 싹쓸이 했어도둑질이 지겹게 느껴질 때쯤, 꿈에 그리던 리버티 백화점에 낙하산(?)으로 들어가게 됐어거리를 떠돌았지만 패션을 향한 나의 열정만큼은 언제나 진심이었거든근데 이게 뭐야, 옷에는 손도 못 대보고 하루 종일 바닥 청소라니인내심에 한계를 느끼고 있을 때, 런던 패션계를 꽉 쥐고 있는 남작 부인이 나타났어천재는 천재를 알아보는 법! 난 남작 부인의 브랜드 디자이너로 들어가게 되었지꿈을 이룰 것 같았던 순간도 잠시, 세상에 남작 부인이 ‘그런 사람’이었을 줄이야…그래서 난 내가 누군지 보여주기로 했어잘가, 에스텔라난 이제 크루엘라야!"
5,크루즈 패밀리: 뉴 에이지,9,액션,"동굴을 떠나 새로운 거주지를 찾아 나선 크루즈 패밀리.우여곡절 끝에 찾은 완벽한 트리 하우스에서 진화된 인류, 베터맨 패밀리와 마주한다.도구를 사용하고 ‘집’에서 안전하게 살아가는 지능형 베터맨 패밀리와맨손으로 사냥하고 자연과 함께 살아가는 본능형 크루즈 패밀리는너무나도 다른 삶의 방식으로 사사건건 부딪힌다.반면 처음으로 여자 사람친구를 만난 ‘이프’와 ‘던’은 가족들과 달리 우정을 쌓아가지만점점 두 가족에게 예상치 못한 위협이 닥쳐오는데…"
6,어벤져스: 엔드게임,9,액션,인피니티 워 이후 절반만 살아남은 지구마지막 희망이 된 어벤져스먼저 떠난 그들을 위해 모든 것을 걸었다!위대한 어벤져스운명을 바꿀 최후의 전쟁이 펼쳐진다!
7,코코,9,액션,뮤지션을 꿈꾸는 소년 미구엘은 전설적인 가수 에르네스토의 기타에 손을 댔다 ‘죽은 자들의 세상’에 들어가게 된다.그리고 그곳에서 만난 의문의 사나이 헥터와 함께 상상조차 못했던 모험을 시작하게 되는데…과연 ‘죽은 자들의 세상’에 숨겨진 비밀은? 그리고 미구엘은 무사히 현실로 돌아올 수 있을까?
8,미나리,7,드라마,"""미나리는 어디서든 잘 자라""낯선 미국, 아칸소로 떠나온 한국 가족.가족들에게 뭔가 해내는 걸 보여주고 싶은 아빠 '제이콥'(스티븐 연)은자신만의 농장을 가꾸기 시작하고 엄마 '모니카'(한예리)도 다시 일자리를 찾는다.아직 어린 아이들을 위해 ‘모니카’의 엄마 ‘순자’(윤여정)가 함께 살기로 하고가방 가득 고춧가루, 멸치, 한약 그리고 미나리씨를 담은 할머니가 도착한다.의젓한 큰딸 '앤'(노엘 케이트 조)과 장난꾸러기 막내아들 '데이빗'(앨런 김)은여느 그랜마같지 않은 할머니가 영- 못마땅한데…함께 있다면, 새로 시작할 수 있다는 희망으로하루하루 뿌리 내리며 살아가는어느 가족의 아주 특별한 여정이 시작된다!"
10,원더,9,드라마,"누구보다 위트 있고 호기심 많은 매력 부자 ‘어기'(제이콥 트렘블레이).하지만 남들과 다른 외모로 태어난 ‘어기'는 모두가 좋아하는 크리스마스 대신 얼굴을 감출 수 있는 할로윈을 더 좋아한다.10살이 된 아들에게 더 큰 세상을 보여주고 싶었던 엄마 ‘이사벨’(줄리아 로버츠)과 아빠 ‘네이트’(오웬 윌슨)는 ‘어기'를 학교에 보낼 준비를 하고, 동생에게 모든 것을 양보해왔지만 누구보다 그를 사랑하는 누나 ‘비아'도 ‘어기'의 첫걸음을 응원해준다.그렇게 가족이 세상의 전부였던 ‘어기'는 처음으로 헬멧을 벗고 낯선 세상에 용감하게 첫발을 내딛지만 첫날부터 ‘남다른 외모'로 화제의 주인공이 되고, 사람들의 시선에 큰 상처를 받는다.그러나 ‘어기'는 27번의 성형(?)수술을 견뎌낸 긍정적인 성격으로 다시 한번 용기를 내고, 주변 사람들도 하나둘 변하기 시작하는데..."
11,킬러의 보디가드,8,액션,"세상 제일 잘난 맛에 사는 섭외 1순위 앵그리 보디가드가지명수배 1순위 구강 액션 지존 킬러를 보호하게 되면서 벌어지는누가 누구를 지키는 지 모를, 서로 못 죽여서 안달 난브로맨스 제로, 환장 케미의 킬링 액션 블록버스터"
12,노매드랜드,8,드라마,"경제적 붕괴로 도시 전체가 무너진 후 홀로 남겨진 ‘펀’.(프란시스 맥도맨드)추억이 깃든 도시를 떠나 작은 밴과 함께 한 번도 가보지 않은 낯선 길 위의 세상으로 떠난다.그 곳에서 ‘펀’은 각자의 사연을 가진 노매드들을 만나게 되고,광활한 자연과 길 위에서의 삶을 스스로 선택한 그들과 만나고 헤어지며다시 살아가기 위한 여정을 시작하는데…"
13,라야와 마지막 드래곤,9,애니메이션,"인간과 드래곤이 평화롭게 공존하던 신비의 땅, 쿠만드라 왕국살아있는 모든 생명을 삼키는 악의 세력 '드룬'이 들이닥치자,드래곤들은 인간을 구하기 위해 스스로를 희생하고 전설 속으로 사라진다.500년 후 부활한 '드룬'이 또다시 세상을 공포에 빠뜨리자,전사 ‘라야’는 분열된 쿠만드라를 구하기 위해전설 속 마지막 드래곤을 찾아 모험을 떠난다.그러나, ‘라야’는 험난한 여정을 겪으며 세상을 구하기 위해서는전설 속 드래곤보다 더 중요한 것이 있다는 것을 깨닫게 되는데…"
15,겨울왕국 2,8,액션,"어느 날 부턴가 의문의 목소리가 엘사를 부르고, 평화로운 아렌델 왕국을 위협한다.트롤은 모든 것은 과거에서 시작되었음을 알려주며 엘사의 힘의 비밀과 진실을 찾아 떠나야한다고 조언한다. 위험에 빠진 아렌델 왕국을 구해야만 하는 엘사와 안나는 숨겨진 과거의 진실을 찾아크리스토프, 올라프 그리고 스벤과 함께 위험천만한 놀라운 모험을 떠나게 된다.자신의 힘을 두려워했던 엘사는 이제 이 모험을 헤쳐나가기에 자신의 힘이 충분하다고 믿어야만 하는데…두려움을 깨고 새로운 운명을 만나다!"
16,토이 스토리 4,9,액션,"장난감의 운명을 거부하고 떠난 새 친구 ‘포키’를 찾기 위해 길 위에 나선 ‘우디’는우연히 오랜 친구 ‘보핍’을 만나고 그녀를 통해 새로운 세상에 눈을 뜨게 된다.한편, ‘버즈’와 친구들은 사라진 ‘우디’와 ‘포키’를 찾아 세상 밖 위험천만한 모험을 떠나게 되는데…"
17,알라딘,9,액션,"머나먼 사막 속 신비의 아그라바 왕국의 시대.좀도둑 ‘알라딘’은 마법사 ‘자파’의 의뢰로 마법 램프를 찾아 나섰다가주인에게 세 가지 소원을 들어주는 지니를 만나게 되고,자스민 공주의 마음을 얻으려다 생각도 못했던 모험에 휘말리게 되는데…"
19,룸,9,드라마,"7년 전, 한 남자에게 납치돼 작은 방에 갇히게 된 열일곱 살 소녀 ‘조이’세상과 단절된 채 지옥 같은 나날을 보내던 중, 아들 ‘잭’을 낳고 엄마가 된다감옥 같은 작은 방에서 서로를 의지하며 살아가던 엄마와 아들어느덧 세월은 흘러 잭은 다섯 살 생일을 맞이하게 된다태어나 단 한 번도 방 밖으로 나가 보지 못한 잭을더 이상 좁은 방안에 가둬 둘 수 없다고 생각한 조이는진짜 세상으로의 탈출을 결심한다그러나, 그들의 극적인 탈출과 충격적인 과거 때문에세상은 두 사람을 또다시 보이지 않는 방안에 가두려 하는데…"
20,빅 히어로,9,액션,천재 공학도 ‘테디’가 개발한 힐링로봇 ‘베이맥스’!‘테디’의 동생이자 로봇 전문가인 ‘히로’는 도시가 파괴될 위기에 처하자 ‘베이맥스’를 슈퍼히어로로 업그레이드 하는데…과연 이들은 도시의 위험을 막아낼 수 있을까?
21,국제시장,9,드라마,"1950년대 한국전쟁 이후로부터 현재에 이르기까지 격변의 시대를 관통하며 살아온 우리 시대 아버지 ‘덕수’(황정민 분), 그는 하고 싶은 것도 되고 싶은 것도 많았지만 평생 단 한번도 자신을 위해 살아본 적이 없다. ‘괜찮다’ 웃어 보이고 ‘다행이다’ 눈물 훔치며 힘들었던 그때 그 시절, 오직 가족을 위해 굳세게 살아온 우리들의 아버지 이야기가 지금부터 시작된다."
22,꾸뻬씨의 행복여행,8,액션,"매일 같이 불행하다고 외치는 사람들을 만나는 런던의 정신과 의사 ‘헥터’,과연 진정한 행복이란 뭘까 궁금해진 그는 모든 걸 제쳐두고 훌쩍 행복을 찾기 위한 여행을 떠난다.돈이 행복의 조건이라고 생각하는 상하이의 은행가,가족과 행복하게 살고 싶은 아프리카의 마약 밀매상,생애 마지막 여행을 떠난 말기암 환자,그리고 가슴 속에 간직해둔 LA의 첫사랑까지‘헥터’는 여행지에서 만난 수많은 인연들을 통해 그는 리스트를 완성해 나간다.설레고 흥겹고 즐거운 그리고 때로는 위험천만하기까지 한 여행의 순간들,진정한 행복의 비밀을 찾아 떠난 정신과 의사의 버라이어티한 어드벤처가 시작된다!"
23,컨저링,7,공포/스릴러,"1971년 로드 아일랜드, 해리스빌. 페론 가족은 꿈에 그리던 새 집으로 이사를 간다.물론 1863년에 그 집에서 일어난 끔찍한 살인 사건을 전혀 몰랐다.또한 그 이후에 일어난 많은 무서운 사건에 대해서도 알지 못했다.이 가족은 그 집에서 겪은 일이 너무 무서워서 한 마디라도 외부에 언급하는 것을 거절했었다.지금까지는…[스페셜 영상 1] 영화 속 숨겨진 뒷이야기 (00:08:02)  [스페셜 영상 2] 악마의 생활 (00:15:38)유명한 귀신연구자와 초자연적인것의 전문가 로렌 워렌과 함께하는 여행,그녀가 주최하는 묘지투어와 수천개의 위험한 유물들이 모여있는 악마의 집, 오컬트 셀러를 방문한다   [스페셜 영상 3] 공포와 대면 (00:06:37)그들이 대략 십년 동안 악마의 영혼과 같이 살았던 불가사의한 농가에서 페론 가족들은 되돌아 왔고그들은 그 기억을 떠올릴 때마다 그 공포를 다시 체험한다."
24,코리아,8,드라마,"1991년 대한민국에 탁구 열풍을 몰고 온 최고의 탁구 스타 ‘현정화’(하지원). 번번히 중국에 밀려 아쉬운 은메달에 머물고 말았던 그녀에게 41회 세계선수권대회를 앞두고 남북 단일팀 결성 소식이 들려온다. 금메달에 목마른 정화에겐 청천벽력 같은 결정! 선수와 코치진의 극렬한 반대에도 불구하고 강행된 초유의 남북 단일팀이 결성된다. 순식간에 ‘코리아’라는 이름의 한 팀이 된 남북의 선수들. 연습 방식, 생활 방식, 말투까지 달라도 너무 다른 남북 선수단은 사사건건 부딪히기 시작하고, 양 팀을 대표하는 라이벌 정화와 북한의 ‘리분희’(배두나)의 신경전도 날이 갈수록 심각해진다. 대회는 점점 다가오지만 한 팀으로서의 호흡은커녕 오히려 갈등만 깊어지고, 출전팀 선발은 예상치 못한 정국으로 흘러 가는데…46일간의 뜨거운 도전이 시작된다!"
25,자투라 - 스페이스 어드벤쳐,7,액션,"늘 티격태격하는 대니와 월터 형제는 아빠(팀로빈스)가 출근한 사이 지하실에서 오래된 보드게임 자투라를 발견한다. 성질 더러운 누나 리사가 잠든 사이 몰래 게임을 시작하는 두 형제... 하지만 게임판의 레버를 당기자마자 집은 우박처럼 쏟아져내리는 유성 때문에 만신창이가 되고, 간신히 유성을 피한 대니와 월터가 밖으로 도망치려 문을 여는 순간 눈앞에는 끝없이 광활한 우주가 펼쳐져 있었다... 한순간에 우주로 날아간 두 형제는 게임을 시작한 사람이 끝낼 때까지는 영원히 게임 속 우주에 갇힌다는 사실을 알게 되는데... 과연 대니와 월터는 자투라 카드 때문에 꽁꽁 얼어버린 리사, 영원히 우주를 방황하는 우주비행사, 미쳐버린 파괴 로봇, 그리고 공포의 외계인 조르곤의 공격, 엄청난 크기의 혜성 등 온갖 난관을 이겨내고 무사히 지구로 돌아올 수 있을까?"
26,태극기 휘날리며,9,액션,"가족의 생계를 책임지기 위해 열심히 살아가는 ‘진태’(장동건)는 약혼녀 ‘영신’(이은주)과의 결혼과, 세상에서 가장 소중하게 생각하는 동생 ‘진석’(원빈)의 대학진학을 위해 어려운 상황에서도 씩씩하게 생활을 해나간다.1950년 6월의 어느 날, 한반도에 전쟁이 일어났다는 호회가 배포되고, 두 형제는 평온한 일상에서 갑작스레 전쟁터로 내몰린다. 훈련받을 시간조차 없이 국군 최후의 보루인 낙동강 방어선으로 실전 투입된 ‘진태’와 ‘진석’. 동생과 같은 소대에 배치된 ‘진태’는 아직 학생인 동생의 징집해제를 위해 대대장을 만나게 되고, 동생의 제대를 위해 자신이 해야 할 최선의 것이 무엇인지를 느끼게 된다.그리고 동생의 생존을 위해 총을 들며 영웅이 되기를 자처하게 되고,끝내 생각지도 못한 운명의 덫이 두 형제를 기다리고 있는데…"
27,센과 치히로의 행방불명,9,애니메이션,"금지된 세계의 문이 열렸다! 이사 가던 날, 수상한 터널을 지나자 인간에게는 금지된 신들의 세계로 오게 된 치히로..신들의 음식을 먹은 치히로의 부모님은 돼지로 변해버린다.  “걱정마, 내가 꼭 구해줄게…”겁에 질린 치히로에게 다가온 정체불명의 소년 하쿠.그의 따뜻한 말에 힘을 얻은 치히로는 인간 세계로 돌아가기 위해 사상 초유의 미션을 시작하는데…"
28,사운드 오브 뮤직,9,드라마,"음악을 사랑하는 말괄량이 견습 수녀 ‘마리아’는 원장 수녀의 권유로 해군 명문 집안 폰 트랩가의 가정교사가 된다. ‘마리아’는 좀처럼 마음의 문을 열지 않는 폰 트랩가의 일곱 아이들에게 노래를 가르치며 점차 교감하게 되고, 엄격한 ‘폰 트랩 대령’ 역시 마음의 문을 열게 된다. 그러던 어느 날, ‘마리아’는 자신이 ‘폰 트랩 대령’을 사랑하고 있다는 사실을 깨닫게 되고, 자신만의 비밀을 간직한 채 아이들의 곁을 떠나 다시 수녀원에 들어가기로 결심하는데…"
29,앵거스통스,8,코미디,"아무때나 애정확인을 하시는 부모님, 자신을 고양이라고 생각하는 어린 동생 리비, 얼핏보면 털뭉치 같은 고양이 앵거스와 살고 있는 평범한 여학생 조지아 니콜슨은 런던에서 이사 온 멋진 로비를 보고 남자친구로 만들기 위해 갖가지 핑계를 만들어내며 접근한다. 하지만 이미 왕가슴으로 유명한 여자친구가 있는 로비. 그래도 포기할 수 없는 조지아는 소문난 바람둥이를 찾아가 키스강습도 받고, 엄마가 선물한 연애소설도 활용해 보지만 로비와의 사이는 점점 멀어져만 가는데…"
30,굴뚝마을의 푸펠,9,애니메이션,새까만 연기로 뒤덮인 굴뚝마을에서는1. 하늘을 올려다보지 말 것2. 꿈을 믿지 말 것3. 진실을 알려 하지 말 것별의 존재를 믿고 있는 외톨이 ‘루비치'와쓰레기에서 태어난 ‘푸펠'친구가 된 두 사람이세상의 진실을 찾는 거대한 모험을 시작한다!
31,파이프라인,6,액션,"손만 대면 대박을 터트리는 도유 업계 최고 천공기술자 ‘핀돌이’는수천억의 기름을 빼돌리기 위해 거대한 판을 짠 대기업 후계자 ‘건우’의거부할 수 없는 제안에 빠져 위험천만한 도유 작전에 합류한다.프로 용접공 '접새', 땅 속을 장기판처럼 꿰고 있는 '나과장',괴력의 인간 굴착기 '큰삽', 이 모든 이들을 감시하는 '카운터'까지!그러나 저마다 다른 목적을 가진 이들이 서로를 속고 속이면서계획은 예상치 못한 방향으로 흘러가기 시작하는데...인생 역전을 꿈꾸는 여섯 명의 도유꾼들그들의 막장 팀플레이가 시작된다!"
32,레 미제라블,7,드라마,"“세상에는 나쁜 풀도, 나쁜 사람도 없소.다만 나쁜 농부가 있을 뿐이오.” -  빅토르 위고지방에서 전근 온 경감 스테판은 크리스, 그와다와 같은 순찰팀에 배정받는다. 증오와 불신이 난무하는 몽페르메유에서 스테판은 경찰들의 폭력에 충격을 받고 서커스단 아기 사자 도난사건을 해결하려다 예기치 못한 사건까지 발생하는데…21세기의 ‘레 미제라블’, 끝나지 않은 분노의 노래!"
33,자산어보,9,드라마,"“이 양반은 대역 죄인이니 너무 잘해줄 생각들 말어”순조 1년, 신유박해로 세상의 끝 흑산도로 유배된 ‘정약전’.호기심 많은 '정약전'은 그 곳에서 바다 생물에 매료되어 책을 쓰기로 한다.이에 바다를 훤히 알고 있는 청년 어부 ‘창대’에게 도움을 구하지만‘창대’는 죄인을 도울 수 없다며 단칼에 거절한다.“내가 아는 지식과 너의 물고기 지식을 바꾸자""‘창대’가 혼자 글 공부를 하며 어려움을 겪고 있다는 것을 알게 된 ‘정약전’은 서로의 지식을 거래하자고 제안하고거래라는 말에 ‘창대’는 못 이기는 척 받아들인다.둘은 티격태격하면서도 점차 서로의 스승이자 벗이 되어 간다.""너 공부해서 출세하고 싶지?""그러던 중 '창대'가 출세하기 위해 공부에 매진했다는 사실을 알게 된 '정약전'은 크게 실망한다.‘창대’ 역시 '정약전'과는 길이 다르다는 것을 깨닫고'정약전'의 곁을 떠나 세상 밖으로 나가고자 결심하는데..."
34,웨이 다운,7,액션,"인양 사업을 하는 '월터'는 깊은 바닷속에서 보물 좌표가 새겨진 동전을 발견한다. 하지만 그 자리에서 스페인 정부에게 빼앗기고, 동전이 스페인 은행에 있는 금고로 옮겨진다는 것을 알게 된다.200년 전 최고의 공학자들에 의해 완성된 후 형태를 비롯 어떠한 원리로 작동되는지 알 수 없어 난공불락이라 불리는 스페인 은행의 금고. 해답은 물론 문제조차도 알 수 없는 '월터'는 동전을 되찾기 위해 비상한 두뇌를 지닌 대학생 '톰'을 섭외하고, 금고의 기술적 문제에 대해 순수한 흥미를 느낀 '톰'은 팀에 합류한다.주어진 시간은 월드컵 결승전이 펼쳐지는 105분. '톰'은 19세기 완성된 금고의 비밀을 밝혀 문제가 무엇인지 알아내고, 삼엄한 감시를 피해 리더, 레이더, 인사이더, 픽서, 그리고 해커, 5명의 팀원들과 함께 동전을 되찾아야 한다."
35,드림빌더,8,애니메이션,"자상한 아빠, 귀여운 햄스터 '비고'와 행복한 나날을 보내던 소녀 '미나'는 새로운 가족 ‘제니’의 등장으로평온하던 일상에 변화가 찾아오고 급기야 ‘비고’를 잃을 위기에 처한다.그러던 어느 날 밤, 우연히 꿈속 세상을 발견한 ‘미나’는 그곳에서 마치 영화처럼 꿈을 만드는 드림빌더를 만나게 되고,소중한 반려 햄스터 ‘비고’와 평온한 일상을 되찾기 위해 깜찍한 계획을 세우는데…모두가 잠든 밤,상상하는 모든 것이 이루어지는 꿈의 세계가 펼쳐진다!"
36,세자매,8,드라마,"“언니가 늘 기도하는거 알지?”완벽한 척하는 가식덩어리 둘째 ‘미연’(문소리)“내가 미안하다”괜찮은 척하는 소심덩어리 첫째 ‘희숙’(김선영)“나는 쓰레기야”안 취한 척하는 골칫덩어리 셋째 ‘미옥’(장윤주)각자 아무렇지 않은 척 살아가던 세 자매는 아버지 생일을 맞아 오랜만에 한 자리에 모이는데... 내 부모에게 진정한 사과를 받고 싶었던, 문제적 자매들이 폭발한다!"
37,명탐정 코난: 진홍의 수학여행,7,애니메이션,"초등학생 코난이 아닌, 본래의 모습으로 교토 수학여행에 참가하게 된 고등학생 탐정 쿠도 신이치.평범한 고등학생처럼 모리 란과 행복한 시간을 보내는 것도 잠시,우연히 만난 배우 구라치 케이코의 부탁으로 의문의 암호 해독을 부탁받는다.하지만 곧이어 그녀의 영화 제작 동료들을 둘러싼 연쇄 살인 사건이 일어난다.범죄의 현장에는 요괴의 행적처럼 꾸며진피 묻은 발자국과 팔손이 나뭇잎, 그리고 새로운 암호가 남겨져 있었는데…천년 역사의 도시 교토, 요괴의 소행 같은 기묘한 연쇄 살인 사건의 진실은?!그리고 쿠도 신이치♥모리 란, 두 사람의 마음은 맞닿을 수 있을까?"
38,이웃사촌,6,코미디,백수가장 좌천위기 도청팀장 대권(정우)은 팀원들과 함께 해외에서 입국하자마자 자택 격리된 정치인 가족을 24시간 감시하라는 미션을 받는다. 이웃집으로 위장 이사온 도청팀원들은 라디오 사연 신청부터 한밤중에 나는 부스럭 소리까지 수상한 가족들의 모든 소리와 행동을 감시하면서 새로운 비밀들을 하나씩 발견하게 되는데…담벼락 사이 수상한 이웃사촌들 웃고 울리는 비밀 소통작전이 펼쳐진다!
39,애프터: 그 후,8,멜로,"""너만의 테사는 더 이상 없어!""첫사랑 하딘이 자신과의 연애를 내기에 걸었다는 비밀을 알게 된 '테사'둘은 헤어지지만 서로의 살결과 숨결을 끊지 못하며 아슬아슬한 썸을 이어간다.이후 대학 졸업을 앞둔 취준생 테사는 대형 출판사의 인턴십에 합격하고거친 하딘과는 180도 다른 젠틀한 직장 남사친 '트레버'를 만나게 된다.""테사의 두 번째 남자를 만났다""런던으로 떠나기 전에 테사를 향한 진심을 전하고 싶었던 '하딘'테사의 용서를 기다리며 과거의 잘못을 하나씩 고쳐나간다.워크숍 파티에서 취한 테사의 연락에 하딘은 기대 반, 걱정 반 마음으로결국 테사의 호텔 룸에 찾아가고, 샤워실에서 그녀석 '트레버'와 마주치는데…"
40,뮬란,4,액션,"무예에 남다른 재능을 지닌 ‘뮬란’은좋은 집안과 인연을 맺어 가문을 빛내길 바라는부모님의 뜻에 따라 본연의 모습을 억누르고 성장한다.어느 날, 북쪽 오랑캐들이 침입하자 황제는 징집령을 내리고‘뮬란’은 아픈 아버지를 대신해 가족들 몰래 전장에 나가기로 결심한다.여자라는 게 발각되면 목숨을 잃을 수도 있는 상황 속에서‘뮬란’은 타고난 용기와 지혜로 역경을 이겨내며 전사로 성장한다.마침내 잔인무도한 적장 ‘보리 칸’과 마녀 ‘시아니앙’을 마주하게 된 ‘뮬란’.그녀는 위험에 빠진 동료와 가족을 구하고 진정한 전사로 거듭날 수 있을 것인가"
41,테넷,8,액션,시간의 흐름을 뒤집는 인버전을 통해 현재와 미래를 오가며 세상을 파괴하려는 사토르(케네스 브래너)를 막기 위해 투입된 작전의 주도자(존 데이비드 워싱턴). 인버전에 대한 정보를 가진 닐(로버트 패틴슨)과 미술품 감정사이자 사토르에 대한 복수심이 가득한 그의 아내 캣(엘리자베스 데비키)과 협력해 미래의 공격에 맞서 제3차 세계대전을 막아야 한다!
42,"안녕, 미누",9,다큐멘터리,"고향집 뒷산 히말라야는 몰라도 ‘목포의 눈물’이 애창곡인 네팔사람 ‘미누’. 스무 살에 한국에 와 식당일부터 봉제공장 재단사, 밴드 보컬까지 18년.한국을 누구보다 사랑하며 청춘을 바쳤지만 11년 전 강제 추방당했다.네팔로 돌아가 어엿한 사업가로 성장하고도 한국이 사무치게 그립다.그런 미누를 위해 옛 밴드 멤버들이 네팔에 날아와 함께 무대에 선다.눈에는 눈물이 맺히고, 마이크를 잡은 목장갑 손이 한없이 떨리는 미누.꿈만 같던 공연이 끝나고 미누는 “나 이제 죽어도 좋아”라며 환히 웃는데…"
43,카페 벨에포크,8,코미디,행복했던 그때 그 모든 것이 그리워진 ‘빅토르’는100% 고객 맞춤형 핸드메이드 시간여행의 설계자 ‘앙투안’의 초대로하룻밤의 시간여행을 떠난다그의 눈 앞에 마법처럼 펼쳐진 ‘카페 벨에포크’에서‘빅토르’는 꿈에 그리던 첫사랑과 재회하게 되는데...
44,레미제라블: 뮤지컬 콘서트,9,공연실황,"빵 한 조각을 훔친 죄로 19년 간의 감옥살이를 마친 후에도 전과자의 낙인이 찍힌 채 살아가는 장발장.장발장을 끈질기게 추격하며 그의 새로운 삶을 뒤흔드는 자베르 경감.주변 사람들의 모함으로 지독한 가난 속에서 아이를 위해 생존해가는 비운의 여인 판틴.장발장에게 희망이 되어 준 판틴의 딸 코제트.그리고 파리의 자유와 사랑을 위해 싸우는 마리우스, 에포닌, 앙졸라.사랑과 용서, 구원과 희망을 꿈꾸는 그들의 노래가스크린에 울려 퍼진다!"
45,공수도,8,액션,공수도장을 운영하는 아빠로부터 공수도를 배워온 소녀 ‘채영’이 홀어머니를 모시고 사는 순수하고 정의로운 소년 ‘종구’와 일진의 생활에 염증을 느끼고 새로운 시작을 위해 애쓰는 ‘해성’을 만나 공수도를 통해 함께 성장해가는 청춘 액션물
46,인비저블맨,7,공포/스릴러,"모든 것을 통제하려는 소시오패스 남자에게서 도망친 세실리아그의 자살 소식과 함께 상속받게 된 거액의 유산하지만 그날 이후, 누구에게도 보이지 않는 존재가 느껴지기 시작했다!"
47,닥터 두리틀,6,코미디,"동물들과 소통하는 특별한 능력을 지닌 닥터 두리틀(로버트 다우니 주니어)은 사랑하는 사람을 잃고 세상과 단절한 채 동물들과 친구가 되어 살아간다.어느 날, 여왕에게 알 수 없는 불치병이 생기고 왕국마저 위험에 빠지게 되자, 그의 놀라운 능력만이 모든 것을 해결할 수 있음을 알게 된다.세상을 구하기 위해서는 반드시 주어진 시간 안에 누구도 가보지 못했던 신비의 섬을 찾아내야만 하고,두리틀은 친구들과 함께 위험천만한 모험을 떠나게 되는데…"
48,"미안해요, 리키",9,드라마,"넉넉하지는 않지만 누구보다 행복한 가장 리키,안정적인 생활을 꿈꾸며 택배 회사에 취직하지만생각과는 다른 일상이 전개되고, 화목했던 가족은 뜻밖의 난관에 부딪히는데.. 성실하게 행복을 찾고 싶었던 리키의, 우리의 이야기가 찾아온다."
49,나이브스 아웃,9,공포/스릴러,베스트셀러 미스터리 작가가 85세 생일에 숨진 채 발견된다. 그의 죽음의 원인을 파헤치기 위해 경찰과 함께 탐정 브누아 블랑이 파견 되는데…
50,너의 여자친구,8,코미디,"눈만 마주쳐도 설레는 썸이 시작되는 대학교 축제날.자칭 공대 브레인 어벤져스, 현실은 모태솔로 9888일째 3인방의 로봇 동아리는 썰렁하기만 하고…이때 어딘가 허술하고 소심한 ‘휘소’ 앞에 난데없이 들이닥친 직진녀 ‘혜진’.글로 배우고 너튜브로 배운 연애세포들이여, 드디어 때가 왔다!올겨울엔 솔로 탈출, 할 수 있을까?"
51,포드 V 페라리,9,액션,"1960년대, 매출 감소에 빠진 ‘포드’는 판매 활로를 찾기 위해스포츠카 레이스를 장악한 절대적 1위 ‘페라리’와의 인수 합병을 추진한다.막대한 자금력에도 불구, 계약에 실패하고 엔초 페라리로부터 모욕까지 당한 헨리 포드 2세는르망 24시간 레이스에서 페라리를 박살 낼 차를 만들 것을 지시한다. 불가능을 즐기는 두 남자를 주목하라!세계 3대 자동차 레이싱 대회이자 ‘지옥의 레이스’로 불리는 르망 24시간 레이스.출전 경험조차 없는 ‘포드’는 대회 6연패를 차지한 ‘페라리’에 대항하기 위해르망 레이스 우승자 출신 자동차 디자이너 ‘캐롤 셸비’(맷 데이먼)를 고용하고, 그는 누구와도 타협하지 않지만 열정과 실력만큼은 최고인 레이서 ‘켄 마일스’(크리스찬 베일)를 자신의 파트너로 영입한다.포드의 경영진은 제 멋대로인 ‘켄 마일스’를 눈엣가시처럼 여기며자신들의 입맛에 맞춘 레이스를 펼치기를 강요하지만두 사람은 어떤 간섭에도 굴하지 않고 불가능을 뛰어넘기 위한 질주를 시작하는데…그 어떤 각본보다 놀라운 실화가 펼쳐진다!"
52,엔젤 해즈 폴른,8,액션,비밀 경호국 최고 요원 ‘배닝’(제라드 버틀러)의 임무수행 중'트럼불' 대통령(모건 프리먼)을 향한 의문의 사상 최대 규모의 드론 테러가 발생한다.최악의 드론 테러 사건 후 '배닝'은 대통령 암살사건의 테러범으로 지목되고국가 영웅은 한순간에 일급 수배자가 되어 FBI에게 쫓기게 되는데...표적이 된 그가 다시 움직인다!숨막히는 추격! 모두가 그를 쫓는다!
53,너를 만난 여름,8,드라마,"열일곱, 모든 게 서툴고 어설프지만 모든 게 좋았던 시간.너 ♡ 나 = 최고의 우리내가 가장 좋아하는 계절은‘너를 만난 여름’"
54,조커,8,드라마,고담시의 광대 아서 플렉은 코미디언을 꿈꾸는 남자.하지만 모두가 미쳐가는 코미디 같은 세상에서맨 정신으로는 그가 설 자리가 없음을 깨닫게 되는데…이제껏 본 적 없는 진짜 ‘조커’를 만나라!
55,퍼펙트맨,7,코미디,"퍼펙트한 인생을 위해 한탕을 꿈꾸는 건달 ‘영기’(조진웅)조직 보스의 돈 7억을 빼돌려 주식에 투자하지만, 사기꾼에게 속아 주식은 휴지조각이 되고 만다.목숨을 부지하기 위해 어떻게든 7억을 구해야 하는 영기 앞에까칠한 로펌 대표 ‘장수’(설경구)가 나타난다.두 달 시한부 ‘장수’는 자신이 해야 할 일들을 도와주는 조건으로영기에게 자신의 사망보험금을 내건 빅딜을 제안하는데…돈 쫌 많은 로펌 대표와 폼 쫌 잡는 꼴통 건달퍼펙트하게 다른 두 남자의 인생 최대 반전이 시작된다"
56,안녕 베일리,9,드라마,"“함께라서 행복해”환생만 벌써 5번째! 도무지 끝날 줄 모르는 ‘베일리’의 삶에 새로운 미션이 생겼다?! 바로 ‘이든’의 작은 베이비 ‘씨제이’를 돌보는 것.“옆에 있어줘서 고마워”소꿉놀이도 해야 하고 위험한 곳에 들어가면 짖어서 알려줘야 하고, ‘씨제이’와 함께 해야 할 일이 너무나도 많이 남았는데 ‘씨제이’는 ‘베일리’와 ‘이든’의 곁을 떠나 도시로 향한다. 7년 후 ‘몰리’로 다시 태어난 ‘베일리’는 우여곡절 끝에 ‘씨제이’의 집으로 입양되고 ‘씨제이’가 행복할 때, 슬플 때, 외로울 때 항상 옆에 있어준다.“혼자 둬서 미안해”주유소의 ‘빅독’으로 다시 태어난 ‘베일리’. ‘씨제이’를 만나기만을 기다리지만 우연히 만나게 된 ‘씨제이’는 ‘베일리’를 알아보지 못하고 떠나버린다.“내 인생은 온통 너야. 사랑해”킁킁킁… 어디서 ‘씨제이’ 냄새 안나요? ‘맥스’로 환생한 ‘베일리’는 오직 일견단심 ‘씨제이’를 기다리던 중 유기견 입양소에서 드디어 ‘씨제이’를 다시 만나게 된다.인생은 길고 견생은 짧다는데, 저 녀석을 끝까지 지켜줄 수 있을까?"
58,나의 특별한 형제,8,코미디,"비상한 두뇌를 가졌지만 동생 ‘동구’ 없이는 아무 데도 못 가는 형 ‘세하’(신하균),뛰어난 수영실력을 갖췄지만 형 ‘세하’ 없이는 아무것도 못 하는 동생 ‘동구’(이광수).이들은 피 한 방울 섞이지 않았지만 20년 동안 한 몸처럼 살아온 ‘특별한 형제’다.어느 날 형제의 보금자리 ‘책임의 집’을 운영하던 신부님이 돌아가시자모든 지원금이 끊기게 되고, 각각 다른 장애를 가진 두 사람은 헤어질 위기에 처하고 만다.세하는 ‘책임의 집’을 지키고 동구와 떨어지지 않기 위해구청 수영장 알바생이자 취준생 ‘미현’(이솜)을 수영코치로 영입하고,동구를 수영대회에 출전시켜 사람들의 이목을 집중시키는 데 성공한다.헤어지지 않을 수 있다는 희망을 본 것도 잠시,예상치 못한 인물이 형제 앞에 등장하면서 형제는 새로운 위기를 겪게 되는데...!"
59,뽀로로 극장판 보물섬 대모험,9,애니메이션,"전설 속 보물을 찾아 떠난 뽀로로와 친구들은우연히 손에 넣은 지도를 따라 신비의 보물섬에 도착한다.그곳에서 사라진 실버 선장을 만나비밀을 간직한 보물섬의 수수께끼를 풀어내지만,악당 블랙 선장과 보물섬의 괴물로 인해 위기에 빠지는데...과연 뽀로로와 친구들은 전설의 보물을 찾을 수 있을까?"
60,말모이,9,드라마,"1940년대 우리말이 점점 사라져가고 있는 경성.극장에서 해고된 후 아들 학비 때문에 가방을 훔치다 실패한 판수.하필 면접 보러 간 조선어학회 대표가 가방 주인 정환이다.사전 만드는데 전과자에다 까막눈이라니!그러나 판수를 반기는 회원들에 밀려 정환은 읽고 쓰기를 떼는 조건으로 그를 받아들인다.돈도 아닌 말을 대체 왜 모으나 싶었던 판수는 난생처음 글을 읽으며 우리말의 소중함에 눈뜨고,정환 또한 전국의 말을 모으는 ‘말모이’에 힘을 보태는 판수를 통해 ‘우리’의 소중함에 눈뜬다.얼마 남지 않은 시간, 바짝 조여오는 일제의 감시를 피해 ‘말모이’를 끝내야 하는데…우리말이 금지된 시대, 말과 마음이 모여 사전이 되다"
62,툴리,9,드라마,"신발 하나 제대로 못 찾는 첫째 딸, 남들과 조금 다른 둘째 아들, 갓 태어나서 밤낮없이 울어대는 막내,그리고 자신에겐 아무 관심도 없이 매일 밤 게임에 빠져 사는 남편까지,매일 같은 육아 전쟁에 지쳐가는 ‘마를로’(샤를리즈 테론).몸이 스무 개라도 모자란 엄마 ‘마를로’를 위해 그녀의 오빠는 야간 보모 고용을 권유한다.아이는 엄마가 돌봐야 한다고 철석같이 믿어 왔던 ‘마를로’는 고민 끝에야간 보모 ‘툴리’(맥켄지 데이비스)를 부르게 된다.홀로 삼 남매 육아를 도맡아 하면서 슈퍼 맘이 되어야만 했던 ‘마를로’ 곁에서‘툴리’는 마치 자신의 가족처럼 그녀와 아이들을 돌봐준다.슈퍼 보모이자 때로는 인생 친구가 되어 주는 ‘툴리’로 인해 ‘마를로’의 삶은 조금씩 변화하게 되는데…"
63,크레이지 리치 아시안,6,코미디,"뉴요커 레이첼은 남자친구 닉의 절친 결혼식이 열리는 싱가포르로 향한다. 처음으로 아시아를 방문한다는 설렘도 잠시, 닉의 가족을 만난다는 사실이 걱정이다. 그런데 알고 보니 닉이 싱가포르에서 가장 부유한 집안의 아들이자 모두가 선망하는 결혼 후보 1순위 신랑감이었던 것. 레이첼은 사교계 명사들의 질투와 더불어 본인을 영 탐탁지 않아하는 닉의 어머니의 타겟이 되는데… 남친의 재력을 알게 된 순간, 시월드의 문이 활짝 열렸다!"
64,퍼스트맨,6,드라마,"이제껏 누구도 경험하지 못한 세계에 도전한 우주비행사 닐(라이언 고슬링)은, 거대한 위험 속에서 극한의 위기를 체험하게 된다.전세계가 바라보는 가운데, 그는 새로운 세상을 열 첫 발걸음을 내딛는데…이제, 세계는 달라질 것이다."
65,스타 이즈 본,9,드라마,"노래에 놀라운 재능을 가졌지만 외모에는 자신이 없는 무명가수 앨리(레이디 가가)는공연을 하던 바에서 우연히 톱스타 잭슨 메인(브래들리 쿠퍼)을 만나게 된다.자신의 모든 것을 사랑해주는 잭슨의 도움으로 앨리는 자기 안의 열정을 폭발시키며 최고의 스타로 거듭나지만,잭슨은 어린 시절의 상처와 예술가적 고뇌 속에서 점점 무너져가는데…"
66,서치,8,드라마,"목요일 저녁, 딸 마고에게 걸려온 부재중전화 3통아빠 데이빗은 그 후 연락이 닿지 않는 딸이 실종됐음을 알게된다. 경찰의 조사는 본격적으로 시작되지만결정적인 단서들이 나오지 않는 가운데,실종된 날 밤 마고가 향하던 곳이 밝혀지며새로운 사실들이 발견된다.사건의 실마리를 찾은 곳은 다름 아닌 딸 마고의 노트북구글, 유튜브, 페이스북 등 SNS에서 상상조차하지 못한 딸의 진실이 펼쳐지는데… 현실에서는 찾을 수 없는 딸의 흔적을 검색하다!"
67,신과함께-인과 연,7,드라마,"천 년 동안 48명의 망자를 환생시킨 저승 삼차사, 한 명만 더 환생시키면 그들도 새로운 삶을 얻을 수 있다.하지만 강림(하정우)은 원귀였던 수홍(김동욱)을 자신들의 마지막 귀인으로 정하는 이해할 수 없는 선택을 한다.저승법 상 원귀는 소멸되어야 마땅하나 염라대왕(이정재)은 저승 삼차사에게 새로운 조건을 내걸며 강림의 제안을 수락한다.염라의 조건은 성주신(마동석)이 버티고 있어 저승 차사들이 가는 족족 실패하는 허춘삼 노인을 수홍의 재판이 끝나기 전까지 저승으로 데려오는 것. 허춘삼을 데리러 이승으로 내려간 해원맥(주지훈)과 덕춘(김향기), 하지만 성주신의 막강한 힘 앞에 속수무책으로 당하기만 하던 중 우연히 그가 천 년 전 과거에 해원맥과 덕춘을 저승으로 데려간 저승 차사였다는 사실을 알게 된다.스스로도 기억 못 하는 과거에 대한 호기심으로 해원맥과 덕춘은 성주신과 거래를 시작하는데…이승과 저승, 현재와 과거를 오가는 천 년의 비밀이 밝혀진다!"
68,신비아파트: 금빛 도깨비와 비밀의 동굴,8,액션,"100년이 넘은 신비아파트에 살고 있는 '하리', '두리' 남매와 102살 도깨비 '신비'는우연히 숲 속에 숨겨진 비밀의 동굴을 발견한다.동굴의 힘에 휩쓸려 22년 전 과거, 1996년으로 가게 된 '하리', '두리', '신비'는아파트가 사라진 마을에서 어린 시절의 엄마 '유지미'를 만난다.'유지미'의 보물지도를 따라 함께 모험을 떠나게 된 '하리', '두리', '신비'는금빛 도깨비 '금비'를 만나게 되고, 이들은 함께 오싹한 모험을 시작하는데...!"
69,인크레더블 2,9,액션,"슈퍼맘 ‘헬렌’이 국민 히어로 ‘일라스티걸’로 활약하며 세상의 주목을 받자바쁜 아내의 몫까지 집안일을 하기 위해 육아휴직을 낸 아빠 ‘밥’은질풍노도 시기의 딸 ‘바이올렛’, 자기애가 넘치는 아들 ‘대쉬’,어마무시한 능력을 시도때도 없이 방출하는 막내 ‘잭잭’까지 전담하며전쟁같은 하루하루를 보낸다.그러던 어느 날,각자의 위치에서 바쁜 일상을 보내던 슈퍼파워 가족 앞에 새로운 악당이 나타났다!다시 한번 세상을 구하기 위해 나선 가족은‘인크레더블’한 능력을 발휘할 수 있을까?"
70,오션스8,7,액션,"전 애인의 배신으로 5년간 감옥에서 썩은 ‘데비 오션’(산드라 블록)은 가석방되자마자 믿음직한 동료 ‘루’(케이트 블란쳇)와 함께 새로운 작전을 계획한다. 그들의 목표는 바로, 뉴욕 메트로폴리탄 박물관에서 열리는 미국 최대 패션 행사인 메트 갈라에 참석하는 톱스타 ‘다프네’(앤 해서웨이)의 목에 걸린 1천 5백억 원의 다이아몬드 목걸이를 훔치는 것! 디자이너부터 보석전문가, 소매치기와 해커까지, 전격 결성된 각 분야 전문가들이 마침내 실행에 나서는데…기가 막힌 작전, 그 뒤에 또 다른 목적화끈하게 훔치고 시원하게 갚는다!"
71,아이 필 프리티,8,코미디,"뛰어난 패션센스에 매력적인 성격이지만 통통한 몸매가 불만인 ‘르네’하아.. 예뻐지기만 하면 뭐든 다 할 수 있을 것만 같다.하늘에 온 마음을 담아 간절히 소원을 빌지만 당연히 달라지는 건 1%도 없고. 오늘도 헬스클럽에서 스피닝에 열중하는 ‘르네’! 집중! 또 집중! 난 할 수 있다! 예뻐질 수 있다..!!! 그러나 과도한 열정은 오히려 독이 되는 법. 미친 듯이 페달을 밟다가 헬스 클럽 바닥에 내동댕이쳐져 머리를 부딪히고..지끈지끈한 머리, 창피해서 빨개진 얼굴로 겨우 일어났는데 뭔가 이상하다!헐, 거울 속의 내가… 좀 예쁘다?! 드디어 소원성취한 ‘르네’의 참을 수 없는 웃음이 터진다!"
72,한 솔로: 스타워즈 스토리,7,액션,"최고의 파일럿을 꿈꾸던 '한 솔로'는 문제적 멘토 '베킷'의 유혹에 빠져든든한 파트너 '츄바카', 한때 연인이었던 '키라'와 함께 팀을 꾸려수수께끼의 임무에 도전한다.소문난 밀수꾼 '랜도'까지 합류,미션을 수행하는 도중 상상도 못했던 위험과 마주하게 되는데···"
73,어벤져스: 인피니티 워,8,액션,"새로운 조합을 이룬 어벤져스,역대 최강 빌런 타노스에 맞서 세계의 운명이 걸린인피니티 스톤을 향한 무한 대결이 펼쳐진다!마블의 클라이맥스를 목격하라!"
74,내일,9,다큐멘터리,어떻게 하면 우리는 더불어 잘 먹고 잘 살 수 있을까?버려진 땅에 농사를 짓는 디트로이트 시민들의 아이디어.화석연료 없이 전기를 생산하는 코펜하겐의 혁신.쓰레기 제로에 도전하는 샌프란시스코의 환경 정책.지역 화폐로 마을 경제를 살린 영국 토트네스의 지혜.시민참여로 빈곤을 퇴치한 인도 쿠탐바캄의 기적.그리고 행복한 어른을 키워내는 핀란드식 교육 철학까지.인류가 직면한 농업·에너지·경제·민주주의·교육 문제에 대한세계 10여개국 지구시민들의 유쾌한 해답을 만난다.
75,레디 플레이어 원,8,액션,"2045년, 암울한 현실과 달리 가상현실 오아시스(OASIS)에서는 누구든 원하는 캐릭터로 어디든지 갈 수 있고, 뭐든지 할 수 있고 상상하는 모든 게 가능하다. 웨이드 와츠(타이 쉐리던) 역시 유일한 낙은 대부분의 사람들이 하루를 보내는 오아시스에 접속하는 것이다. 어느 날 오아시스의 창시자인 괴짜 천재 제임스 할리데이(마크 라이런스)는 자신이 가상현실 속에 숨겨둔 3개의 미션에서 우승하는 사람에게 오아시스의 소유권과 막대한 유산을 상속한다는 유언을 남기고, 그가 사랑했던 80년대 대중문화 속에 힌트가 있음을 알린다. 제임스 할리데이를 선망했던 소년 ‘웨이드 와츠’가 첫 번째 수수께끼를 푸는 데 성공하자 이를 저지하기 위해 현실에서 살인도 마다하지 않는 ‘IOI’라는 거대 기업이 뛰어든다.모두의 꿈과 희망이 되는 오아시스를 지키기 위해서는 반드시 우승해야 한다!그리고 우승을 위해서는 가상현실이 아닌 현실세계의 우정과 사랑의 힘이 필요하기만 한데…"
76,리틀 포레스트,8,드라마,"시험, 연애, 취업… 뭐하나 뜻대로 되지 않는 일상을 잠시 멈추고고향으로 돌아온 혜원은 오랜 친구인 재하와 은숙을 만난다 남들과는 다른, 자신만의 삶을 살기 위해 고향으로 돌아온 ‘재하’, 평범한 일상에서의 일탈을 꿈꾸는 ‘은숙’과 함께직접 키운 농작물로 한끼 한끼를 만들어 먹으며겨울에서 봄, 그리고 여름, 가을을 보내고 다시 겨울을 맞이하게 된 혜원. 그렇게 특별한 사계절을 보내며 고향으로 돌아온 진짜 이유를 깨닫게 된 혜원은 새로운 봄을 맞이하기 위한 첫 발을 내딛는데…"
77,삼생삼세 십리도화,6,SF/판타지,"청구 여제 백천은 동해 왕자 탄생연에 참석하게 되고, 사별한 아내 소소를 잊지 못한 야화 태자와 그의 아들 아리를 만난다.야화와 아리가 청구에 찾아와서 막무가내로 함께 살자고 한다.백천은 서서히 마음을 열고 결혼식을 준비하지만야화의 전처 소소의 정체를 알게 되면서 걷잡을 수 없는 혼란에 빠지는데…"
79,1987,9,드라마,"1987년 1월, 경찰 조사를 받던 스물두 살 대학생이 사망한다.증거인멸을 위해 박처장(김윤석)의 주도 하에 경찰은 시신 화장을 요청하지만, 사망 당일 당직이었던 최검사(하정우)는 이를 거부하고 부검을 밀어붙인다.단순 쇼크사인 것처럼 거짓 발표를 이어가는 경찰. 그러나 현장에 남은 흔적들과 부검 소견은 고문에 의한 사망을 가리키고, 사건을 취재하던 윤기자(이희준)는 ‘물고문 도중 질식사’를 보도한다. 이에 박처장은 조반장(박희순)등 형사 둘만 구속시키며 사건을 축소하려 한다.한편, 교도소에 수감된 조반장을 통해 사건의 진상을 알게 된 교도관 한병용(유해진)은 이 사실을 수배 중인 재야인사에게 전달하기 위해 조카인 연희(김태리)에게 위험한 부탁을 하게 되는데…한 사람이 죽고, 모든 것이 변화하기 시작했다.모두가 뜨거웠던 1987년의 이야기."
81,그들이 진심으로 엮을 때,9,드라마,"우리 엄마는 종종 새로운 사랑을 찾겠다고 집을 떠나요. 그럴 때마다 저는 외삼촌 ‘마키오’를 찾아가요. 마키오 삼촌과 함께 사는 ‘린코짱’은귀여운 고양이 주먹밥과 문어 소시지 도시락도 싸주고, 매일 아침 머리를 묶어주었어요.다정한 린코짱과 나는 종이컵 전화기로 비밀 얘기도 나누는데,같이 들어보실래요?"
82,하이큐!! 재능과 센스,9,애니메이션,"'카라스노’ 고교 배구팀은 ‘인터하이’ 예선 탈락 후, 도쿄에서의 합숙 훈련 끝에 봄철 고교 배구 대회에 참가한다..결승 진출을 노릴만큼 눈에 띄게 성장한 ‘카라스노’는 드디어 준결승에서 강호 ‘아오바 죠사이’ 고교와의 결전을 치르게 된다. 다시 한 번 맞붙게 된 ‘카게야마’와 ‘오이카와’,‘카라스노’와 ‘아오바 죠사이’ 고교 사이의 경기에 모든 이들의 이목이 집중되는데…모든 것을 내건 불꽃 같은 승부가 시작된다!"
83,"귀향, 끝나지 않은 이야기",7,드라마,"이 일본군 ‘위안부’ 피해자들에 대한 ‘기록’과 ‘위로’였다면, 는 우리가 전하는 ‘약속’입니다.“언니야 이제 집에 가자”"
84,"좋아해, 너를",8,드라마,"수제 구두가게에서 일하는 ‘레온(최민기)’은 남들이 모르는 자신만의 아픈 상처로 인해 다른 사람과 소통하는 마음의 문을 닫아버린 채 묵묵히 일에만 전념하며 살아왔다. 그러던 어느 날 우연히 만나게 된 ‘소나(칸 하나에)’에게 계속 신경이 쓰인다. 구두 가게로 접수된 ‘소나’의 구두를 통해 그녀를 찾게 되지만 ‘소나’ 곁에는 언제나 ‘상수(황민현)’가 있다. 함께 일하는 ‘레온’을 남몰래 좋아하는 ‘코카제(아오야기 후미코)’는 항상 혼자 지내는 ‘레온’을 바라만 볼 뿐 아무것도 할 수가 없다. 한편, ‘소나’의 부러진 구두를 맡기러 온 ‘상수’는 ‘코카제’에게 한 눈에 반하게 되고 아르바이트 동료이자 절친인 ‘지우(김종현)’의 연인 ‘소나’에게 상담을 하게 된다."
85,애나벨: 인형의 주인,7,공포/스릴러,"인형장인과 그의 아내는 비극적인 사고로 어린 딸을 잃는다. 그리고 12년 후, 그 집에 고아원 소녀들과 수녀가 함께 살게 되는데…“딸을 다시 볼 수만 있다면 어떤 존재도 받아들이겠다 기도했어요. 그건 우리 꿀벌… 내 딸이 틀림없었죠. 인형 속에 들어가 평생 우리랑 있겠다더군요.  하지만 곧 내 딸이 아니란 걸 깨닫게 됐죠. 사악한 존재가 우릴 속여서 영혼을 빼앗으려고 했어요. 교회의 도움으로 악마를 인형 속에 가뒀고, 이제 사라진 줄 알았는데… 돌아왔어, 이렇게 될 줄 알았어…”"
